{
    "places" : [
        {
            "lokasi": [-6.221028, 106.791434],
            "sponsor" : "Resto Spanyol",
            "gambar":"images/resto.jpg",
            "review": "restoran spanyol terbaik di Jakarta"
        },
        {
            "lokasi": [-6.219912, 106.791239],
            "sponsor" : "Warung Kopi",
            "gambar":"images/kopi.jpg",
            "review": "warung kopi cita rasa yang sangat tinggi dengan harga yang murah"
        },
        {
            "lokasi": [-6.220529, 106.789848],
            "sponsor" :  "Pondok Ikan Bakar",
            "gambar":"images/ikanbakar.jpg",
            "review": "Ikan bakar kualitas tinggi, hampir gosong tapi belum"
        },
        {
            "lokasi": [-6.222977, 106.789152],
            "sponsor" : "STEAK cow",
            "gambar":"images/steak.jpg",
            "review": "Steak lokal harga impor, 200gr dan 300gr mentah "
        },
        {
            "lokasi":  [-6.222043, 106.791070],
            "sponsor" : "Rupa-rupa Seafood!!",
            "gambar":"images/seafood.png",
            "review": "seafood international lobster, king crabs, cumi, kerang, semua ada"
        }
     ]
}